{
  "tx": -173.50173919087672,
  "ty": -67.41063792189621,
  "sc": 1.180992661429532
}
