{
    "sc": 1.5626557603446376,
    "tx": -379.4694340094867,
    "ty": -156.39869766150377
}
